Agent 1,Agent 2,Agent 3
Anby Soldier 0,Anby,Anton
Anby Soldier 0,Anby,Astra Yao
Anby Soldier 0,Anby,Billy
Anby Soldier 0,Anby,Caesar
Anby Soldier 0,Anby,Evelyn
Anby Soldier 0,Anby,Grace
Anby Soldier 0,Anby,Harumasa
Anby Soldier 0,Anby,Lighter
Anby Soldier 0,Anby,Nekomata
Anby Soldier 0,Anby,Nicole
Anby Soldier 0,Anby,Pulchra
Anby Soldier 0,Anby,Rina
Anby Soldier 0,Anby,Seth
Anby Soldier 0,Anby,Trigger
Anby Soldier 0,Anby,Yanagi
Anby Soldier 0,Anton,Astra Yao
Anby Soldier 0,Anton,Koleda
Anby Soldier 0,Anton,Lighter
Anby Soldier 0,Anton,Pulchra
Anby Soldier 0,Anton,Rina
Anby Soldier 0,Anton,Trigger
Anby Soldier 0,Astra Yao,Caesar
Anby Soldier 0,Astra Yao,Evelyn
Anby Soldier 0,Astra Yao,Grace
Anby Soldier 0,Astra Yao,Lighter
Anby Soldier 0,Astra Yao,Miyabi
Anby Soldier 0,Astra Yao,Nicole
Anby Soldier 0,Astra Yao,Pulchra
Anby Soldier 0,Astra Yao,Rina
Anby Soldier 0,Astra Yao,Seth
Anby Soldier 0,Astra Yao,Trigger
Anby Soldier 0,Astra Yao,Yanagi
Anby Soldier 0,Astra Yao,Zhu Yuan
Anby Soldier 0,Ben,Koleda
Anby Soldier 0,Ben,Lighter
Anby Soldier 0,Ben,Lucy
Anby Soldier 0,Billy,Nicole
Anby Soldier 0,Billy,Pulchra
Anby Soldier 0,Burnice,Lighter
Anby Soldier 0,Burnice,Lucy
Anby Soldier 0,Burnice,Pulchra
Anby Soldier 0,Caesar,Lighter
Anby Soldier 0,Caesar,Lucy
Anby Soldier 0,Caesar,Pulchra
Anby Soldier 0,Caesar,Rina
Anby Soldier 0,Caesar,Trigger
Anby Soldier 0,Corin,Lycaon
Anby Soldier 0,Corin,Pulchra
Anby Soldier 0,Corin,Rina
Anby Soldier 0,Ellen,Lycaon
Anby Soldier 0,Ellen,Rina
Anby Soldier 0,Ellen,Soukaku
Anby Soldier 0,Evelyn,Koleda
Anby Soldier 0,Evelyn,Lighter
Anby Soldier 0,Evelyn,Lucy
Anby Soldier 0,Evelyn,Pulchra
Anby Soldier 0,Evelyn,Rina
Anby Soldier 0,Evelyn,Trigger
Anby Soldier 0,Grace,Koleda
Anby Soldier 0,Grace,Lighter
Anby Soldier 0,Grace,Pulchra
Anby Soldier 0,Grace,Rina
Anby Soldier 0,Grace,Trigger
Anby Soldier 0,Harumasa,Lighter
Anby Soldier 0,Harumasa,Pulchra
Anby Soldier 0,Harumasa,Trigger
Anby Soldier 0,Koleda,Lighter
Anby Soldier 0,Koleda,Lucy
Anby Soldier 0,Koleda,Soldier 11
Anby Soldier 0,Lighter,Lucy
Anby Soldier 0,Lighter,Piper
Anby Soldier 0,Lighter,Pulchra
Anby Soldier 0,Lighter,Rina
Anby Soldier 0,Lighter,Seth
Anby Soldier 0,Lighter,Soldier 11
Anby Soldier 0,Lighter,Trigger
Anby Soldier 0,Lighter,Yanagi
Anby Soldier 0,Lucy,Piper
Anby Soldier 0,Lucy,Pulchra
Anby Soldier 0,Lucy,Soldier 11
Anby Soldier 0,Lycaon,Rina
Anby Soldier 0,Lycaon,Soukaku
Anby Soldier 0,Miyabi,Rina
Anby Soldier 0,Miyabi,Soukaku
Anby Soldier 0,Nekomata,Nicole
Anby Soldier 0,Nekomata,Pulchra
Anby Soldier 0,Nicole,Zhu Yuan
Anby Soldier 0,Piper,Pulchra
Anby Soldier 0,Pulchra,Rina
Anby Soldier 0,Pulchra,Seth
Anby Soldier 0,Pulchra,Trigger
Anby Soldier 0,Pulchra,Yanagi
Anby Soldier 0,Rina,Seth
Anby Soldier 0,Rina,Trigger
Anby Soldier 0,Rina,Yanagi
Anby Soldier 0,Rina,Zhu Yuan
Anby Soldier 0,Seth,Trigger
Anby Soldier 0,Soldier 11,Trigger
Anby Soldier 0,Soukaku,Yanagi
Anby Soldier 0,Trigger,Yanagi
Anby,Anton,Astra Yao
Anby,Anton,Ben
Anby,Anton,Billy
Anby,Anton,Caesar
Anby,Anton,Evelyn
Anby,Anton,Grace
Anby,Anton,Harumasa
Anby,Anton,Koleda
Anby,Anton,Lighter
Anby,Anton,Nekomata
Anby,Anton,Nicole
Anby,Anton,Pulchra
Anby,Anton,Rina
Anby,Anton,Seth
Anby,Anton,Trigger
Anby,Anton,Yanagi
Anby,Astra Yao,Billy
Anby,Astra Yao,Grace
Anby,Astra Yao,Harumasa
Anby,Astra Yao,Nekomata
Anby,Astra Yao,Yanagi
Anby,Ben,Grace
Anby,Billy,Caesar
Anby,Billy,Corin
Anby,Billy,Evelyn
Anby,Billy,Grace
Anby,Billy,Harumasa
Anby,Billy,Lighter
Anby,Billy,Nekomata
Anby,Billy,Nicole
Anby,Billy,Piper
Anby,Billy,Pulchra
Anby,Billy,Rina
Anby,Billy,Seth
Anby,Billy,Trigger
Anby,Billy,Yanagi
Anby,Burnice,Grace
Anby,Burnice,Yanagi
Anby,Caesar,Grace
Anby,Caesar,Harumasa
Anby,Caesar,Nekomata
Anby,Caesar,Nicole
Anby,Caesar,Rina
Anby,Caesar,Seth
Anby,Caesar,Trigger
Anby,Caesar,Yanagi
Anby,Corin,Nekomata
Anby,Corin,Rina
Anby,Ellen,Rina
Anby,Evelyn,Grace
Anby,Evelyn,Harumasa
Anby,Evelyn,Nekomata
Anby,Evelyn,Nicole
Anby,Evelyn,Rina
Anby,Evelyn,Seth
Anby,Evelyn,Trigger
Anby,Evelyn,Yanagi
Anby,Grace,Harumasa
Anby,Grace,Koleda
Anby,Grace,Nekomata
Anby,Grace,Nicole
Anby,Grace,Rina
Anby,Grace,Seth
Anby,Grace,Trigger
Anby,Grace,Yanagi
Anby,Harumasa,Lighter
Anby,Harumasa,Miyabi
Anby,Harumasa,Nekomata
Anby,Harumasa,Nicole
Anby,Harumasa,Pulchra
Anby,Harumasa,Rina
Anby,Harumasa,Seth
Anby,Harumasa,Soukaku
Anby,Harumasa,Trigger
Anby,Harumasa,Yanagi
Anby,Lighter,Nekomata
Anby,Lycaon,Rina
Anby,Miyabi,Nicole
Anby,Miyabi,Rina
Anby,Miyabi,Yanagi
Anby,Nekomata,Nicole
Anby,Nekomata,Piper
Anby,Nekomata,Pulchra
Anby,Nekomata,Rina
Anby,Nekomata,Seth
Anby,Nekomata,Trigger
Anby,Nekomata,Yanagi
Anby,Nicole,Rina
Anby,Nicole,Seth
Anby,Nicole,Trigger
Anby,Nicole,Yanagi
Anby,Nicole,Zhu Yuan
Anby,Rina,Seth
Anby,Rina,Trigger
Anby,Rina,Yanagi
Anby,Rina,Zhu Yuan
Anby,Seth,Trigger
Anby,Seth,Yanagi
Anby,Seth,Zhu Yuan
Anby,Soldier 11,Trigger
Anby,Soukaku,Yanagi
Anby,Trigger,Yanagi
Anton,Astra Yao,Ben
Anton,Astra Yao,Grace
Anton,Astra Yao,Koleda
Anton,Astra Yao,Rina
Anton,Astra Yao,Seth
Anton,Astra Yao,Trigger
Anton,Astra Yao,Yanagi
Anton,Ben,Caesar
Anton,Ben,Grace
Anton,Ben,Koleda
Anton,Ben,Lighter
Anton,Ben,Lucy
Anton,Ben,Pulchra
Anton,Ben,Rina
Anton,Ben,Seth
Anton,Ben,Soldier 11
Anton,Ben,Trigger
Anton,Ben,Yanagi
Anton,Burnice,Grace
Anton,Burnice,Yanagi
Anton,Caesar,Grace
Anton,Caesar,Koleda
Anton,Caesar,Rina
Anton,Caesar,Seth
Anton,Caesar,Trigger
Anton,Caesar,Yanagi
Anton,Corin,Rina
Anton,Ellen,Rina
Anton,Evelyn,Koleda
Anton,Evelyn,Rina
Anton,Evelyn,Trigger
Anton,Grace,Harumasa
Anton,Grace,Koleda
Anton,Grace,Lighter
Anton,Grace,Pulchra
Anton,Grace,Rina
Anton,Grace,Seth
Anton,Grace,Trigger
Anton,Grace,Yanagi
Anton,Harumasa,Koleda
Anton,Harumasa,Lighter
Anton,Harumasa,Miyabi
Anton,Harumasa,Pulchra
Anton,Harumasa,Trigger
Anton,Harumasa,Yanagi
Anton,Koleda,Lighter
Anton,Koleda,Lucy
Anton,Koleda,Pulchra
Anton,Koleda,Rina
Anton,Koleda,Seth
Anton,Koleda,Soldier 11
Anton,Koleda,Trigger
Anton,Koleda,Yanagi
Anton,Lighter,Rina
Anton,Lighter,Seth
Anton,Lighter,Trigger
Anton,Lighter,Yanagi
Anton,Lycaon,Rina
Anton,Miyabi,Rina
Anton,Miyabi,Yanagi
Anton,Pulchra,Rina
Anton,Pulchra,Seth
Anton,Pulchra,Trigger
Anton,Pulchra,Yanagi
Anton,Rina,Seth
Anton,Rina,Trigger
Anton,Rina,Yanagi
Anton,Rina,Zhu Yuan
Anton,Seth,Trigger
Anton,Seth,Yanagi
Anton,Seth,Zhu Yuan
Anton,Soldier 11,Trigger
Anton,Soukaku,Yanagi
Anton,Trigger,Yanagi
Astra Yao,Ben,Evelyn
Astra Yao,Ben,Grace
Astra Yao,Ben,Soldier 11
Astra Yao,Billy,Corin
Astra Yao,Billy,Nekomata
Astra Yao,Billy,Nicole
Astra Yao,Billy,Piper
Astra Yao,Billy,Pulchra
Astra Yao,Burnice,Caesar
Astra Yao,Burnice,Lighter
Astra Yao,Burnice,Lucy
Astra Yao,Burnice,Miyabi
Astra Yao,Burnice,Piper
Astra Yao,Burnice,Pulchra
Astra Yao,Burnice,Yanagi
Astra Yao,Caesar,Corin
Astra Yao,Caesar,Evelyn
Astra Yao,Caesar,Miyabi
Astra Yao,Caesar,Nekomata
Astra Yao,Caesar,Piper
Astra Yao,Corin,Ellen
Astra Yao,Corin,Lycaon
Astra Yao,Corin,Nekomata
Astra Yao,Corin,Piper
Astra Yao,Corin,Pulchra
Astra Yao,Corin,Rina
Astra Yao,Ellen,Lycaon
Astra Yao,Ellen,Rina
Astra Yao,Ellen,Soukaku
Astra Yao,Evelyn,Koleda
Astra Yao,Evelyn,Lighter
Astra Yao,Evelyn,Lucy
Astra Yao,Evelyn,Miyabi
Astra Yao,Evelyn,Nicole
Astra Yao,Evelyn,Pulchra
Astra Yao,Evelyn,Soldier 11
Astra Yao,Evelyn,Trigger
Astra Yao,Evelyn,Zhu Yuan
Astra Yao,Grace,Harumasa
Astra Yao,Grace,Koleda
Astra Yao,Grace,Rina
Astra Yao,Grace,Seth
Astra Yao,Grace,Trigger
Astra Yao,Grace,Yanagi
Astra Yao,Harumasa,Lighter
Astra Yao,Harumasa,Miyabi
Astra Yao,Harumasa,Pulchra
Astra Yao,Harumasa,Trigger
Astra Yao,Harumasa,Yanagi
Astra Yao,Koleda,Soldier 11
Astra Yao,Lighter,Piper
Astra Yao,Lighter,Soldier 11
Astra Yao,Lighter,Zhu Yuan
Astra Yao,Lucy,Piper
Astra Yao,Lucy,Soldier 11
Astra Yao,Miyabi,Nicole
Astra Yao,Miyabi,Soukaku
Astra Yao,Miyabi,Yanagi
Astra Yao,Miyabi,Zhu Yuan
Astra Yao,Nekomata,Nicole
Astra Yao,Nekomata,Piper
Astra Yao,Nekomata,Pulchra
Astra Yao,Nicole,Zhu Yuan
Astra Yao,Piper,Pulchra
Astra Yao,Pulchra,Zhu Yuan
Astra Yao,Rina,Yanagi
Astra Yao,Seth,Yanagi
Astra Yao,Seth,Zhu Yuan
Astra Yao,Soldier 11,Trigger
Astra Yao,Trigger,Yanagi
Astra Yao,Trigger,Zhu Yuan
Ben,Burnice,Caesar
Ben,Burnice,Grace
Ben,Burnice,Lighter
Ben,Burnice,Lucy
Ben,Burnice,Piper
Ben,Burnice,Pulchra
Ben,Burnice,Yanagi
Ben,Caesar,Grace
Ben,Caesar,Koleda
Ben,Caesar,Lighter
Ben,Caesar,Lucy
Ben,Caesar,Soldier 11
Ben,Evelyn,Koleda
Ben,Evelyn,Lighter
Ben,Evelyn,Lucy
Ben,Evelyn,Pulchra
Ben,Evelyn,Trigger
Ben,Grace,Harumasa
Ben,Grace,Koleda
Ben,Grace,Lucy
Ben,Grace,Rina
Ben,Grace,Seth
Ben,Grace,Soldier 11
Ben,Grace,Trigger
Ben,Grace,Yanagi
Ben,Harumasa,Koleda
Ben,Harumasa,Lighter
Ben,Koleda,Lucy
Ben,Koleda,Soldier 11
Ben,Lighter,Lucy
Ben,Lighter,Piper
Ben,Lighter,Pulchra
Ben,Lighter,Soldier 11
Ben,Lucy,Miyabi
Ben,Lucy,Piper
Ben,Lucy,Pulchra
Ben,Lucy,Soldier 11
Ben,Lucy,Zhu Yuan
Ben,Pulchra,Soldier 11
Ben,Soldier 11,Trigger
Billy,Burnice,Caesar
Billy,Burnice,Piper
Billy,Burnice,Pulchra
Billy,Caesar,Corin
Billy,Caesar,Lighter
Billy,Caesar,Lucy
Billy,Caesar,Nekomata
Billy,Caesar,Nicole
Billy,Caesar,Piper
Billy,Caesar,Pulchra
Billy,Caesar,Trigger
Billy,Corin,Ellen
Billy,Corin,Lighter
Billy,Corin,Lycaon
Billy,Corin,Nekomata
Billy,Corin,Nicole
Billy,Corin,Piper
Billy,Corin,Pulchra
Billy,Corin,Rina
Billy,Corin,Trigger
Billy,Evelyn,Nicole
Billy,Evelyn,Pulchra
Billy,Harumasa,Piper
Billy,Harumasa,Pulchra
Billy,Lighter,Nekomata
Billy,Lighter,Nicole
Billy,Lighter,Piper
Billy,Lighter,Pulchra
Billy,Lucy,Piper
Billy,Lucy,Pulchra
Billy,Miyabi,Nicole
Billy,Nekomata,Nicole
Billy,Nekomata,Piper
Billy,Nekomata,Pulchra
Billy,Nekomata,Trigger
Billy,Nicole,Piper
Billy,Nicole,Pulchra
Billy,Nicole,Trigger
Billy,Nicole,Zhu Yuan
Billy,Piper,Pulchra
Billy,Piper,Trigger
Billy,Piper,Yanagi
Billy,Pulchra,Trigger
Burnice,Caesar,Corin
Burnice,Caesar,Harumasa
Burnice,Caesar,Koleda
Burnice,Caesar,Lighter
Burnice,Caesar,Lucy
Burnice,Caesar,Nekomata
Burnice,Caesar,Piper
Burnice,Caesar,Pulchra
Burnice,Caesar,Soldier 11
Burnice,Caesar,Yanagi
Burnice,Corin,Piper
Burnice,Corin,Pulchra
Burnice,Evelyn,Lighter
Burnice,Evelyn,Lucy
Burnice,Evelyn,Pulchra
Burnice,Grace,Harumasa
Burnice,Grace,Koleda
Burnice,Grace,Rina
Burnice,Grace,Seth
Burnice,Grace,Trigger
Burnice,Grace,Yanagi
Burnice,Harumasa,Lighter
Burnice,Harumasa,Lucy
Burnice,Harumasa,Miyabi
Burnice,Harumasa,Piper
Burnice,Harumasa,Pulchra
Burnice,Harumasa,Yanagi
Burnice,Koleda,Lighter
Burnice,Koleda,Lucy
Burnice,Koleda,Piper
Burnice,Koleda,Pulchra
Burnice,Koleda,Yanagi
Burnice,Lighter,Lucy
Burnice,Lighter,Piper
Burnice,Lighter,Pulchra
Burnice,Lighter,Soldier 11
Burnice,Lighter,Yanagi
Burnice,Lucy,Miyabi
Burnice,Lucy,Piper
Burnice,Lucy,Pulchra
Burnice,Lucy,Soldier 11
Burnice,Lucy,Yanagi
Burnice,Lucy,Zhu Yuan
Burnice,Miyabi,Soukaku
Burnice,Miyabi,Yanagi
Burnice,Nekomata,Piper
Burnice,Nekomata,Pulchra
Burnice,Piper,Pulchra
Burnice,Piper,Soldier 11
Burnice,Piper,Yanagi
Burnice,Pulchra,Soldier 11
Burnice,Pulchra,Yanagi
Burnice,Rina,Yanagi
Burnice,Seth,Yanagi
Burnice,Soldier 11,Yanagi
Burnice,Soukaku,Yanagi
Burnice,Trigger,Yanagi
Caesar,Corin,Ellen
Caesar,Corin,Lighter
Caesar,Corin,Lucy
Caesar,Corin,Lycaon
Caesar,Corin,Nekomata
Caesar,Corin,Piper
Caesar,Corin,Pulchra
Caesar,Corin,Rina
Caesar,Corin,Trigger
Caesar,Ellen,Lycaon
Caesar,Ellen,Rina
Caesar,Ellen,Soukaku
Caesar,Evelyn,Koleda
Caesar,Evelyn,Lighter
Caesar,Evelyn,Lucy
Caesar,Evelyn,Pulchra
Caesar,Evelyn,Trigger
Caesar,Grace,Harumasa
Caesar,Grace,Koleda
Caesar,Grace,Seth
Caesar,Grace,Trigger
Caesar,Grace,Yanagi
Caesar,Harumasa,Lighter
Caesar,Harumasa,Miyabi
Caesar,Harumasa,Piper
Caesar,Harumasa,Pulchra
Caesar,Harumasa,Trigger
Caesar,Harumasa,Yanagi
Caesar,Koleda,Lighter
Caesar,Koleda,Lucy
Caesar,Koleda,Soldier 11
Caesar,Lighter,Lucy
Caesar,Lighter,Nekomata
Caesar,Lighter,Piper
Caesar,Lighter,Pulchra
Caesar,Lighter,Soldier 11
Caesar,Lucy,Miyabi
Caesar,Lucy,Nekomata
Caesar,Lucy,Piper
Caesar,Lucy,Pulchra
Caesar,Lucy,Soldier 11
Caesar,Lucy,Zhu Yuan
Caesar,Lycaon,Rina
Caesar,Lycaon,Soukaku
Caesar,Miyabi,Soukaku
Caesar,Miyabi,Yanagi
Caesar,Nekomata,Nicole
Caesar,Nekomata,Piper
Caesar,Nekomata,Pulchra
Caesar,Nekomata,Trigger
Caesar,Nicole,Zhu Yuan
Caesar,Piper,Pulchra
Caesar,Piper,Yanagi
Caesar,Rina,Seth
Caesar,Rina,Trigger
Caesar,Rina,Yanagi
Caesar,Seth,Trigger
Caesar,Seth,Yanagi
Caesar,Seth,Zhu Yuan
Caesar,Soldier 11,Trigger
Caesar,Trigger,Yanagi
Corin,Ellen,Lighter
Corin,Ellen,Lycaon
Corin,Ellen,Nekomata
Corin,Ellen,Piper
Corin,Ellen,Pulchra
Corin,Ellen,Rina
Corin,Ellen,Soukaku
Corin,Ellen,Trigger
Corin,Evelyn,Lycaon
Corin,Evelyn,Pulchra
Corin,Evelyn,Rina
Corin,Grace,Rina
Corin,Harumasa,Lycaon
Corin,Harumasa,Piper
Corin,Harumasa,Pulchra
Corin,Lighter,Lycaon
Corin,Lighter,Nekomata
Corin,Lighter,Piper
Corin,Lighter,Pulchra
Corin,Lighter,Rina
Corin,Lucy,Piper
Corin,Lucy,Pulchra
Corin,Lycaon,Nekomata
Corin,Lycaon,Piper
Corin,Lycaon,Pulchra
Corin,Lycaon,Rina
Corin,Lycaon,Soukaku
Corin,Lycaon,Trigger
Corin,Miyabi,Rina
Corin,Nekomata,Nicole
Corin,Nekomata,Piper
Corin,Nekomata,Pulchra
Corin,Nekomata,Rina
Corin,Nekomata,Trigger
Corin,Piper,Pulchra
Corin,Piper,Rina
Corin,Piper,Trigger
Corin,Piper,Yanagi
Corin,Pulchra,Rina
Corin,Pulchra,Trigger
Corin,Rina,Seth
Corin,Rina,Trigger
Corin,Rina,Yanagi
Corin,Rina,Zhu Yuan
Ellen,Evelyn,Lycaon
Ellen,Evelyn,Rina
Ellen,Evelyn,Soukaku
Ellen,Grace,Rina
Ellen,Harumasa,Lycaon
Ellen,Lighter,Lycaon
Ellen,Lighter,Rina
Ellen,Lighter,Soukaku
Ellen,Lycaon,Pulchra
Ellen,Lycaon,Rina
Ellen,Lycaon,Soukaku
Ellen,Lycaon,Trigger
Ellen,Miyabi,Rina
Ellen,Miyabi,Soukaku
Ellen,Pulchra,Rina
Ellen,Pulchra,Soukaku
Ellen,Rina,Seth
Ellen,Rina,Soukaku
Ellen,Rina,Trigger
Ellen,Rina,Yanagi
Ellen,Rina,Zhu Yuan
Ellen,Soukaku,Trigger
Ellen,Soukaku,Zhu Yuan
Evelyn,Grace,Koleda
Evelyn,Grace,Rina
Evelyn,Grace,Trigger
Evelyn,Harumasa,Koleda
Evelyn,Harumasa,Lighter
Evelyn,Harumasa,Pulchra
Evelyn,Harumasa,Trigger
Evelyn,Koleda,Lighter
Evelyn,Koleda,Lucy
Evelyn,Koleda,Pulchra
Evelyn,Koleda,Soldier 11
Evelyn,Koleda,Trigger
Evelyn,Lighter,Lucy
Evelyn,Lighter,Piper
Evelyn,Lighter,Pulchra
Evelyn,Lighter,Soldier 11
Evelyn,Lighter,Trigger
Evelyn,Lucy,Miyabi
Evelyn,Lucy,Piper
Evelyn,Lucy,Pulchra
Evelyn,Lucy,Soldier 11
Evelyn,Lucy,Trigger
Evelyn,Lucy,Zhu Yuan
Evelyn,Lycaon,Rina
Evelyn,Lycaon,Soukaku
Evelyn,Miyabi,Soukaku
Evelyn,Nekomata,Nicole
Evelyn,Nekomata,Pulchra
Evelyn,Nicole,Zhu Yuan
Evelyn,Piper,Pulchra
Evelyn,Pulchra,Soldier 11
Evelyn,Pulchra,Trigger
Evelyn,Rina,Seth
Evelyn,Rina,Trigger
Evelyn,Rina,Yanagi
Evelyn,Seth,Trigger
Evelyn,Soldier 11,Trigger
Evelyn,Trigger,Yanagi
Grace,Harumasa,Koleda
Grace,Harumasa,Lighter
Grace,Harumasa,Miyabi
Grace,Harumasa,Pulchra
Grace,Harumasa,Rina
Grace,Harumasa,Seth
Grace,Harumasa,Soukaku
Grace,Harumasa,Trigger
Grace,Harumasa,Yanagi
Grace,Koleda,Lucy
Grace,Koleda,Rina
Grace,Koleda,Seth
Grace,Koleda,Soldier 11
Grace,Koleda,Trigger
Grace,Koleda,Yanagi
Grace,Lycaon,Rina
Grace,Miyabi,Rina
Grace,Miyabi,Yanagi
Grace,Rina,Seth
Grace,Rina,Trigger
Grace,Rina,Yanagi
Grace,Rina,Zhu Yuan
Grace,Seth,Trigger
Grace,Seth,Yanagi
Grace,Seth,Zhu Yuan
Grace,Soldier 11,Trigger
Grace,Soukaku,Yanagi
Grace,Trigger,Yanagi
Harumasa,Koleda,Lighter
Harumasa,Koleda,Lucy
Harumasa,Koleda,Soldier 11
Harumasa,Lighter,Lucy
Harumasa,Lighter,Miyabi
Harumasa,Lighter,Piper
Harumasa,Lighter,Pulchra
Harumasa,Lighter,Rina
Harumasa,Lighter,Seth
Harumasa,Lighter,Soldier 11
Harumasa,Lighter,Soukaku
Harumasa,Lighter,Trigger
Harumasa,Lighter,Yanagi
Harumasa,Lucy,Piper
Harumasa,Lucy,Pulchra
Harumasa,Lycaon,Rina
Harumasa,Lycaon,Soukaku
Harumasa,Miyabi,Pulchra
Harumasa,Miyabi,Rina
Harumasa,Miyabi,Seth
Harumasa,Miyabi,Soukaku
Harumasa,Miyabi,Trigger
Harumasa,Miyabi,Yanagi
Harumasa,Nekomata,Piper
Harumasa,Nekomata,Pulchra
Harumasa,Piper,Pulchra
Harumasa,Pulchra,Rina
Harumasa,Pulchra,Seth
Harumasa,Pulchra,Soukaku
Harumasa,Pulchra,Trigger
Harumasa,Pulchra,Yanagi
Harumasa,Rina,Trigger
Harumasa,Rina,Yanagi
Harumasa,Seth,Trigger
Harumasa,Seth,Yanagi
Harumasa,Soldier 11,Trigger
Harumasa,Soukaku,Trigger
Harumasa,Soukaku,Yanagi
Harumasa,Trigger,Yanagi
Koleda,Lighter,Lucy
Koleda,Lighter,Piper
Koleda,Lighter,Pulchra
Koleda,Lighter,Soldier 11
Koleda,Lucy,Miyabi
Koleda,Lucy,Piper
Koleda,Lucy,Pulchra
Koleda,Lucy,Soldier 11
Koleda,Lucy,Zhu Yuan
Koleda,Pulchra,Soldier 11
Koleda,Soldier 11,Trigger
Lighter,Lucy,Miyabi
Lighter,Lucy,Piper
Lighter,Lucy,Pulchra
Lighter,Lucy,Soldier 11
Lighter,Lucy,Zhu Yuan
Lighter,Nekomata,Nicole
Lighter,Nekomata,Piper
Lighter,Nekomata,Pulchra
Lighter,Nicole,Zhu Yuan
Lighter,Piper,Pulchra
Lighter,Piper,Soldier 11
Lighter,Piper,Yanagi
Lighter,Pulchra,Soldier 11
Lighter,Seth,Zhu Yuan
Lighter,Soldier 11,Trigger
Lucy,Miyabi,Piper
Lucy,Miyabi,Pulchra
Lucy,Miyabi,Soldier 11
Lucy,Nekomata,Piper
Lucy,Nekomata,Pulchra
Lucy,Piper,Pulchra
Lucy,Piper,Soldier 11
Lucy,Piper,Yanagi
Lucy,Piper,Zhu Yuan
Lucy,Pulchra,Soldier 11
Lucy,Pulchra,Zhu Yuan
Lucy,Soldier 11,Trigger
Lucy,Soldier 11,Zhu Yuan
Lycaon,Miyabi,Rina
Lycaon,Miyabi,Soukaku
Lycaon,Rina,Seth
Lycaon,Rina,Soukaku
Lycaon,Rina,Trigger
Lycaon,Rina,Yanagi
Lycaon,Rina,Zhu Yuan
Lycaon,Soukaku,Zhu Yuan
Miyabi,Nekomata,Nicole
Miyabi,Nicole,Zhu Yuan
Miyabi,Rina,Seth
Miyabi,Rina,Trigger
Miyabi,Rina,Yanagi
Miyabi,Seth,Yanagi
Miyabi,Soukaku,Yanagi
Miyabi,Soukaku,Zhu Yuan
Miyabi,Trigger,Yanagi
Nekomata,Nicole,Piper
Nekomata,Nicole,Pulchra
Nekomata,Nicole,Trigger
Nekomata,Nicole,Zhu Yuan
Nekomata,Piper,Pulchra
Nekomata,Piper,Trigger
Nekomata,Piper,Yanagi
Nekomata,Pulchra,Trigger
Nicole,Pulchra,Zhu Yuan
Nicole,Seth,Zhu Yuan
Nicole,Trigger,Zhu Yuan
Piper,Pulchra,Yanagi
Pulchra,Seth,Zhu Yuan
Pulchra,Soldier 11,Trigger
Rina,Seth,Trigger
Rina,Seth,Yanagi
Rina,Seth,Zhu Yuan
Rina,Soldier 11,Trigger
Rina,Soukaku,Yanagi
Rina,Trigger,Yanagi
Rina,Trigger,Zhu Yuan
Rina,Yanagi,Zhu Yuan
Seth,Soldier 11,Trigger
Seth,Soukaku,Yanagi
Seth,Trigger,Yanagi
Seth,Trigger,Zhu Yuan
Seth,Yanagi,Zhu Yuan
Soldier 11,Trigger,Yanagi
Soukaku,Trigger,Yanagi
